customer_code,company_name,industry,contract_tier,annual_contract_value,account_executive,status,health_score,primary_contact
CUST-1001,Nexus Healthcare Systems,Healthcare & Biotech,Enterprise Tier,180000.0,Maya Lin,ACTIVE,98,"Dr. Robert Vance, CIO"
CUST-1002,Vertex FinTech Corp,Financial Services,Enterprise Tier,130000.0,Maya Lin,ACTIVE,92,"Claire Chen, Head of Trading Tech"
CUST-1003,Quantum Dynamics Logistics,Supply Chain,Mid-Market Tier,75000.0,Jessica Alba-Ruiz,ACTIVE,88,"Thomas Hardy, VP Ops"
CUST-1004,FinEdge Global Capital,Banking & Investment,Enterprise Tier,210000.0,Jessica Alba-Ruiz,ACTIVE,99,"Jonathan Ross, CTO"
CUST-1005,OmniMedia Digital Group,Media & Entertainment,Mid-Market Tier,60000.0,Maya Lin,ACTIVE,91,"Sarah Connor, Lead Arch"
CUST-1006,BioHealth Diagnostics,Biotech & Genomics,Enterprise Tier,145000.0,Christian Cole,ACTIVE,95,"Dr. Angela Merkel, VP Research"
CUST-1007,Nova Retail Solutions,Retail & E-Commerce,Mid-Market Tier,90000.0,Sofia Reyes,ACTIVE,86,"Marcus Aurelius, COO"
CUST-1008,Vanguard Asset Management,Wealth & Asset Mgmt,Enterprise Tier,340000.0,Christian Cole,ACTIVE,99,"Alexander Hamilton, CIO"
CUST-1009,Horizon Telecommunications,Telecom & 5G,Enterprise Tier,220000.0,Jessica Alba-Ruiz,ACTIVE,94,"Elena Rostova, VP Network Ops"
CUST-1010,Stellar Mobility Labs,Autonomous Vehicles,Mid-Market Tier,85000.0,Sofia Reyes,ACTIVE,89,"Elon T. Vance, Head of Autonomy"
CUST-1011,Aether Dynamics Aerospace,Aerospace & Defense,Enterprise Tier,290000.0,Christian Cole,ACTIVE,97,"Gen. James Holden, Director Tech"
CUST-1012,Pacific Rim Maritime Group,Global Shipping,Mid-Market Tier,95000.0,Daphne Blake,ACTIVE,90,"Captain Naomi Nagata, Fleet VP"
CUST-1013,Crestline Insurance Services,Insurance & InsurTech,Enterprise Tier,165000.0,Maya Lin,ACTIVE,93,"Amos Burton, Claims Director"
CUST-1014,Summit Energy Partners,Renewable Energy,Enterprise Tier,140000.0,Jessica Alba-Ruiz,ACTIVE,91,"Camina Drummer, VP Infrastructure"
CUST-1015,Kodiak Robotics Research,Robotics & Automation,Mid-Market Tier,115000.0,Sofia Reyes,ACTIVE,94,"Dr. Alex Kamal, Navigation Lead"
