deal_name,customer_name,stage,deal_value,close_date,probability_pct
Apex Global AI Renewal & Expansion,Apex Logistics Ltd,Negotiation,95000.0,2026-11-15,85
Nexus Healthcare AI Automation Add-On,Nexus Healthcare Systems,Proposal,60000.0,2026-11-30,70
Vertex FinTech Core Platform Multi-Year,Vertex FinTech Corp,Closed Won,260000.0,2026-09-28,100
FinEdge High-Frequency Ingestion Module,FinEdge Global Capital,Qualification,120000.0,2026-12-15,50
BioHealth Automated Genomics Workflow,BioHealth Diagnostics,Proposal,110000.0,2026-11-20,65
Vanguard Private Cloud Hosting Tier,Vanguard Asset Management,Negotiation,280000.0,2026-11-05,90
Horizon 5G Edge Network Orchestrator,Horizon Telecommunications,Proposal,175000.0,2026-12-01,60
Aether Dynamics Spacecraft Telemetry Agent,Aether Dynamics Aerospace,Negotiation,240000.0,2026-11-18,80
Pacific Rim Maritime Vessel Automated Pilot,Pacific Rim Maritime Group,Qualification,85000.0,2026-12-20,45
Crestline InsurTech Adjudication Expansion,Crestline Insurance Services,Proposal,130000.0,2026-11-28,75
