ticket_number,customer_name,requester_email,category,priority,subject,description,status,assignee,resolution_notes,created_at,sla_due
TCK-2026-801,Vertex FinTech Corp,cchen@vertexfintech.com,Bug,CRITICAL,API Webhook Failures on Settlement Ingestion,High latency and intermittent 504 Gateway Timeouts observed on production /api/v2/settle endpoints during market open.,OPEN,Unassigned,,2026-10-06 08:15:00,2026-10-06 10:15:00
TCK-2026-802,Nexus Healthcare Systems,support@nexushealth.org,IT Support,HIGH,SSO Login Certificate Expiring in 48 Hours,Our Okta SAML signing cert will rotate on Thursday; need CentrAlign team to update metadata XML.,IN_PROGRESS,Alex Wong,Updating IdP configuration in staging environment,2026-10-05 14:00:00,2026-10-06 18:00:00
TCK-2026-803,Quantum Dynamics Logistics,ops@quantumdyn.com,Billing,MEDIUM,Invoice Query on Additional Worker Threads,Requesting breakdown of additional $450 compute surcharge on September invoice INV-CLI-890.,OPEN,Thomas Becker,,2026-10-04 11:20:00,2026-10-07 11:20:00
TCK-2026-804,CentrAlign Internal Staff,chloe.martin@centralign.internal,System Access,LOW,VPN Profile Renewal for Tokyo Staging Cluster,Requesting configuration profile for new AWS ap-northeast-1 VPC peering bastion.,RESOLVED,Alex Wong,Provisioned WireGuard key and granted access via security group sg-9920,2026-10-03 16:45:00,2026-10-04 16:45:00
TCK-2026-805,FinEdge Global Capital,security@finedge.com,IT Support,CRITICAL,Database Read Replica High Lag Alert,Secondary Postgres replication lag exceeded 45 seconds on east-1 region.,OPEN,Unassigned,,2026-10-06 09:00:00,2026-10-06 11:00:00
TCK-2026-806,OmniMedia Digital Group,sconnor@omnimedia.com,Feature Request,LOW,Support for WebP lossless image format export,Requesting automated conversion and export option for WebP assets in batch worker pipeline.,OPEN,David Miller,,2026-10-02 13:10:00,2026-10-09 13:10:00
TCK-2026-807,BioHealth Diagnostics,lab-it@biohealth.com,Security,HIGH,IP Allowlist update for new laboratory subnet,Please add 198.51.100.0/24 to the CentrAlign enterprise API ingress security group.,IN_PROGRESS,Rajiv Sharma,Reviewing security group ingress rules in AWS console,2026-10-05 16:30:00,2026-10-06 20:30:00
TCK-2026-808,Nova Retail Solutions,tech@novaretail.com,Bug,MEDIUM,Stock replenishment counter desync in POS view,Dashboard shows 14 items in stock when physical barcode scanner reports 12 items.,OPEN,Liam O'Connor,,2026-10-04 15:00:00,2026-10-07 15:00:00
TCK-2026-809,Vanguard Asset Management,infra@vanguard-am.com,IT Support,CRITICAL,Dedicated Kubernetes worker node OOMKilled,Worker node pod-3 in dedicated cluster encountered out-of-memory termination during risk model simulation.,OPEN,Unassigned,,2026-10-06 07:45:00,2026-10-06 09:45:00
TCK-2026-810,Horizon Telecommunications,noc@horizon-telecom.net,Network,HIGH,BGP route flap between us-west and us-east transit,Observing intermittent packet loss across Direct Connect circuit VLAN 402.,IN_PROGRESS,Alex Wong,Coordinating with Equinix and AWS networking engineers,2026-10-05 11:15:00,2026-10-06 15:15:00
TCK-2026-811,CentrAlign Internal Staff,sarah.jenkins@centralign.internal,Hardware,LOW,Request for second 4K monitor arm,Workstation desk dual monitor pole mount screw thread stripped.,RESOLVED,Hanna Lindqvist,Replaced with new Ergotron dual arm from IT storage,2026-10-01 10:00:00,2026-10-02 10:00:00
TCK-2026-812,Stellar Mobility Labs,fleet@stellarmobility.io,Billing,LOW,Update corporate billing tax identification number,Need to update EU VAT ID for European subsidiary on monthly recurring invoice template.,OPEN,Ananya Roy,,2026-10-03 14:20:00,2026-10-06 14:20:00
TCK-2026-813,Aether Dynamics Aerospace,telemetry@aetherdynamics.com,Bug,HIGH,Protobuf serialization exception in streaming client,Encountering invalid wire type 7 when parsing high-frequency flight sensor payloads.,OPEN,Ethan Brooks,,2026-10-05 18:00:00,2026-10-06 22:00:00
TCK-2026-814,Pacific Rim Maritime Group,logistics@pacrim-maritime.com,IT Support,MEDIUM,Automated customs invoice OCR queue delay,PDF ingestion batch processing queued for >45 minutes during evening vessel arrivals.,IN_PROGRESS,Dmitri Volkov,Scaling Celery OCR worker pool from 4 to 12 instances,2026-10-06 02:30:00,2026-10-06 10:30:00
TCK-2026-815,CentrAlign Internal Staff,elena.vance@centralign.internal,Security,CRITICAL,Suspicious phishing email reporting credential harvest link,Multiple employees received mock HR payroll update link pointing to external domain.,OPEN,Unassigned,,2026-10-06 08:45:00,2026-10-06 09:45:00
